Başlık,Kelime Sayısı
Spacecraft attempts closest-ever approach to Sun,6
Actor Baldoni women's solidarity award rescinded amid allegations,8
Spacecraft attempts closest-ever approach to Sun,6
Actor Baldoni women's solidarity award rescinded amid allegations,8
Protests erupt in Syria over Christmas tree burning,8
Why 2024 was Prince William's ‘annus horribilis’ - and how he handled it,13
"As Biden commutes death row sentences, how Trump plans to expand executions",12
Fireworks explode as US house burns down,7
Four revelations from the House ethics report on Matt Gaetz,10
Festive favourites ,2
The animals that give each other gifts,7
How a modest 1990s hit came to define Christmas,9
More news,2
Russian ship under US sanctions sinks after engine room blast,10
Brazil shuts BYD factory site over 'slavery' conditions,8
The famous Christmas carol inspiring Ukraine's defenders,7
Drug lord back in Colombia after 20 years in US jail,11
Dozens not thousands killed on Mayotte by Cyclone Chido - French PM,12
Must watch,2
Watch: Cargo ship tips on its side in Turkey,9
Children tell Santa what they want for Christmas in 1967,10
How can you have an eco-friendly Christmas?,7
Police officer dressed as the Grinch leads drug raid,9
Germany grapples with another Christmas market attack,7
"Droppings or smooth sausages, what's a healthy poo?",8
Watch: Twins' dream of cleaning plane comes true,8
Travis' Fran Healy sings karaoke to his own song,9
Year in review,3
The reason TV was so poor in 2024,8
How LGBTQ stories got real on-screen in 2024,8
Why we're 'living in a golden age of the doppelganger',10
The party song that became a US anthem in 2024,10
Editor's picks from 2024,4
Why medieval people slept in cupboards,6
Churchill's 'secret weapon' against the Nazis,6
Life as 'the most beautiful woman in movie history',9
The country where residents live longer than ever,8
Discover more from the BBC,5
Future Earth: Sign up to our newsletter,7
Download the BBC app,4
US Election Unspun,3
Listen to The Global Story,5
Register for a BBC account,5
The Essential List,3
Sign up to News Briefing,5
Popular features of 2024,4
The deep ocean photographer that captured a 'living fossil',9
Four holiday spots where tourists are welcome,7
Seven of the Paris Olympics' most striking images – as classical artworks,12
'He was a monster': How history got Henry VIII wrong,10
What happened when India banned TikTok,6
US & Canada news,4
When will Donald Trump take office as US president?,9
The US town where it's the law to own a gun,11
Former US President Bill Clinton admitted to hospital with fever,10
Biden commutes most federal death sentences,6
Israel-Gaza war,2
Israel confirms it killed Hamas leader Haniyeh in Tehran,9
"Children among dozens killed in Israeli strikes, Gaza officials say",10
US warplane shot down in Red Sea 'friendly fire' incident,10
"Gaza ceasefire talks 90% complete, Palestinian official tells BBC",9
War in Ukraine,3
Ukrainian refugee's third Christmas away from home,7
'More Ukrainians than ever seeking host families',7
'Hard to feel festive' says Ukrainian refugee,7
The famous Christmas carol inspiring Ukraine's defenders,7
More world news,3
Chinese man in school attack gets suspended death sentence,9
Magdeburg attack offers far right fertile ground despite suspect's backing for AfD,12
Australian towns evacuated over Christmas as fires rage,8
On patrol with Kenyan forces inside Haiti's gang warzone,9
Video,1
How 'cancelling' Christmas reignited a civil war,7
Sport,1
"Premier League news conferences, team news and build-up",8
"'Self-doubt, errors & big changes' - inside the crisis at Man City",12
Amorim questions 'choices' of Rashford's advisors,6
Cross loses as record number of seeds out of Worlds,10
Business,1
Brazil shuts BYD factory site over 'slavery' conditions,8
Cadbury loses royal warrant after 170 years,7
Honda and Nissan join forces to take on China in cars,11
Consultation launched in UK over petrol car phase-out,8
Tech,1
Why AI chatbots are 'tasting' colours,6
Morrisons apologises after discount and delivery issues,7
Google suggests fixes to its search monopoly,7
The rise of Spotify Wrapped and its copycats,8
Science & health,3
Researchers study impact of singing on wellbeing,7
"Scientists unveil 50,000-year-old baby mammoth remains",6
'Lungs in a box' could increase vital transplants,8
Doctors warn over water bead gifts for children,8
Culture,1
How It's a Wonderful Life became a Christmas classic,9
Blake Lively and Justin Baldoni: What you need to know,10
Hollywood stars support Blake Lively over legal complaint,8
Indian fans fed up with paying top prices for stinking toilets and traffic jams at concerts,16
Arts,1
How a 1990s Swan Lake changed dance forever,8
Colourful life of 100-year-old artist who's never used a paint brush,11
Artists imagine a new utopia for Kenya's capital,8
The hidden meanings in a 16th-Century nude sketch,8
Travel,1
A nostalgic French drink that evokes Christmas,7
Seven of New England's best ski experiences,7
Sweden's real-life candy cane village,5
The towns that inspired 100 Years of Solitude,8
Earth,1
Cook shares tips to limit food waste this Christmas ,9
Cyclone Chido kills 94 people in Mozambique ,7
How I transformed a Christmas jumper in five weeks,9
Experience David Attenborough's first expedition in colour,7
Follow BBC on:,3
